{"last_tab":"","header_id":"home","custom_logo":{"url":"","id":"","height":"","width":"","thumbnail":""},"custom_favicon":{"url":"","id":"","height":"","width":"","thumbnail":""},"slider_backgound":{"url":"http:\/\/pluton.themeart.co\/wp-content\/uploads\/2015\/01\/slider.jpg","id":"1370","height":"520","width":"1948","thumbnail":"http:\/\/pluton.themeart.co\/wp-content\/uploads\/2015\/01\/slider-150x150.jpg"},"slides":[{"title":"WELCOME TO PLUTON","subtitle":"THEMECLEAN & RESPONSIVE","description":"When she reached the first hills of the Italic Mountains, she had a last view back on the skyline of her hometown Bookmarksgrove, the headline of Alphabet Village and the subline of her own road, the Line Lane.","url":"http:\/\/themeart.co\/","furl":"","turl":"","lurl":"","sort":"0","attachment_id":"1371","thumb":"http:\/\/pluton.themeart.co\/wp-content\/uploads\/2015\/01\/Slider01-150x150.png","image":"http:\/\/pluton.themeart.co\/wp-content\/uploads\/2015\/01\/Slider01.png","height":"720","width":"920"},{"title":"EASY MANAGEMENT","subtitle":"EASY TO USE","description":"Far far away, behind the word mountains, far from the countries Vokalia and Consonantia, there live the blind texts. Separated they live in Bookmarksgrove right at the coast of the Semantics, a large language ocean.","url":"http:\/\/themeart.co\/","furl":"","turl":"","lurl":"","sort":"1","attachment_id":"1372","thumb":"http:\/\/pluton.themeart.co\/wp-content\/uploads\/2015\/01\/Slider02-150x150.png","image":"http:\/\/pluton.themeart.co\/wp-content\/uploads\/2015\/01\/Slider02.png","height":"720","width":"770"},{"title":"REVOLUTION","subtitle":"CUSTOMIZABLE","description":"A small river named Duden flows by their place and supplies it with the necessary regelialia. It is a paradisematic country, in which roasted parts of sentences fly into your mouth.","url":"http:\/\/themeart.co\/","furl":"","turl":"","lurl":"","sort":"2","attachment_id":"1373","thumb":"http:\/\/pluton.themeart.co\/wp-content\/uploads\/2015\/01\/Slider03-150x150.png","image":"http:\/\/pluton.themeart.co\/wp-content\/uploads\/2015\/01\/Slider03.png","height":"660","width":"740"}],"service_id":"service","service_title":"What We Do?","service_tagline":"Duis mollis placerat quam, eget laoreet tellus tempor eu. Quisque dapibus in purus in dignissim.","service_slides":[{"title":"Modern Design","subtitle":"We Create Modern And Clean Theme For Your Business Company.","url":"","furl":"","turl":"","lurl":"","sort":"3","attachment_id":"1374","thumb":"http:\/\/pluton.themeart.co\/wp-content\/uploads\/2015\/01\/Service1-150x150.png","image":"http:\/\/pluton.themeart.co\/wp-content\/uploads\/2015\/01\/Service1.png","height":"360","width":"360"},{"title":"Powerfull Theme","subtitle":"We Create Modern And Powerful Theme With Lots Animation And Features.","url":"","furl":"","turl":"","lurl":"","sort":"4","attachment_id":"1375","thumb":"http:\/\/pluton.themeart.co\/wp-content\/uploads\/2015\/01\/Service2-150x150.png","image":"http:\/\/pluton.themeart.co\/wp-content\/uploads\/2015\/01\/Service2.png","height":"360","width":"360"},{"title":"Clean Code","subtitle":"We Create Modern And Powerful Html5 And CSS3 Code Easy For Read And Customize.","url":"","furl":"","turl":"","lurl":"","sort":"5","attachment_id":"1376","thumb":"http:\/\/pluton.themeart.co\/wp-content\/uploads\/2015\/01\/Service3-150x150.png","image":"http:\/\/pluton.themeart.co\/wp-content\/uploads\/2015\/01\/Service3.png","height":"360","width":"360"}],"portfolio_id":"portfolio","filter_switch":"1","portfolio_title":"Have You Seen our Works?","portfolio_tagline":"Duis mollis placerat quam, eget laoreet tellus tempor eu. Quisque dapibus in purus in dignissim.","about_id":"about","about_us_title":"Who We Are?","about_us_tagline":"Duis mollis placerat quam, eget laoreet tellus tempor eu. Quisque dapibus in purus in dignissim.","about_us_slides":[{"title":"John Doe","subtitle":"Copywriter","description":"When you stop expecting people to be perfect, you can like them for who they are.","url":"","furl":"http:\/\/themeart.co\/","turl":"http:\/\/themeart.co\/","lurl":"http:\/\/themeart.co\/","sort":"6","attachment_id":"1388","thumb":"http:\/\/pluton.themeart.co\/wp-content\/uploads\/2015\/01\/Team1-150x150.png","image":"http:\/\/pluton.themeart.co\/wp-content\/uploads\/2015\/01\/Team1.png","height":"400","width":"400"},{"title":"John Doe","subtitle":"Designer","description":"When you stop expecting people to be perfect, you can like them for who they are.","url":"","furl":"http:\/\/themeart.co\/","turl":"http:\/\/themeart.co\/","lurl":"http:\/\/themeart.co\/","sort":"1","attachment_id":"1389","thumb":"http:\/\/pluton.themeart.co\/wp-content\/uploads\/2015\/01\/Team2-150x150.png","image":"http:\/\/pluton.themeart.co\/wp-content\/uploads\/2015\/01\/Team2.png","height":"400","width":"400"},{"title":"John Doe","subtitle":"Photographer","description":"When you stop expecting people to be perfect, you can like them for who they are.","url":"","furl":"http:\/\/themeart.co\/","turl":"http:\/\/themeart.co\/","lurl":"http:\/\/themeart.co\/","sort":"2","attachment_id":"1390","thumb":"http:\/\/pluton.themeart.co\/wp-content\/uploads\/2015\/01\/Team3-150x150.png","image":"http:\/\/pluton.themeart.co\/wp-content\/uploads\/2015\/01\/Team3.png","height":"400","width":"400"}],"skill_title":"Skills","skill_slides":[{"title":" Graphic Design","subtitle":"93%","url":"","furl":"","turl":"","lurl":"","sort":"7","attachment_id":"","thumb":"","image":"","height":"","width":""},{"title":"HTML & CSS","subtitle":"95%","url":"","furl":"","turl":"","lurl":"","sort":"8","attachment_id":"","thumb":"","image":"","height":"","width":""},{"title":"PHP","subtitle":"88%","url":"","furl":"","turl":"","lurl":"","sort":"9","attachment_id":"","thumb":"","image":"","height":"","width":""},{"title":"jQuery","subtitle":"80%","url":"","furl":"","turl":"","lurl":"","sort":"10","attachment_id":"","thumb":"","image":"","height":"","width":""},{"title":"WordPress","subtitle":"90%","url":"","furl":"","turl":"","lurl":"","sort":"11","attachment_id":"","thumb":"","image":"","height":"","width":""}],"textarea_title":"About Us","atextarea_tagline":"Lorem ipsum dolor sit amet, consectetuer adipiscing elit, sed diamnonummy nibh euismod tincidunt ut laoreet dolore magna aliquam erat volutpat. Ut wisi enim ad minim veniam, quis nostrud exerci tation ullamcorper suscipit lobortis nisl ut aliquip ex ea commodo consequat. Duis autem vel eum iriure dolor in hendrerit in vulputate velit esse molestie consequat, vel illum dolore eu feugiat nulla facilisis at vero eros et accumsan et iusto odio dignissim qui blandit praesent luptatum zzril delenit augue duis dolore te feugait nulla facilisi.","call_id":"call-to-action","call_title":"TA Pluton is a modern one page WordPress theme with parallax scrolling effect.","call_btn_title":"Download Now","call_btn_url":"http:\/\/themeart.co\/free-theme\/ta-pluton\/","client_id":"client","client_title":"What Client Say?","client_tagline":"Duis mollis placerat quam, eget laoreet tellus tempor eu. Quisque dapibus in purus in dignissim.","client_slides":[{"title":"John Doe","subtitle":"Client","description":"\"I\\'ve worked too hard and too long to let anything stand in the way of my goals. I will not let my teammates down and I will not let myself down.\"","url":"","furl":"","turl":"","lurl":"","sort":"12","attachment_id":"1385","thumb":"http:\/\/pluton.themeart.co\/wp-content\/uploads\/2015\/01\/Client1-150x150.png","image":"http:\/\/pluton.themeart.co\/wp-content\/uploads\/2015\/01\/Client1.png","height":"400","width":"400"},{"title":"John Doe","subtitle":"Client","description":"\"In motivating people, you\\'ve got to engage their minds and their hearts. I motivate people, I hope, by example - and perhaps by excitement, by having productive ideas to make others feel involved.\"","url":"","furl":"","turl":"","lurl":"","sort":"13","attachment_id":"1386","thumb":"http:\/\/pluton.themeart.co\/wp-content\/uploads\/2015\/01\/Client2-150x150.png","image":"http:\/\/pluton.themeart.co\/wp-content\/uploads\/2015\/01\/Client2.png","height":"400","width":"400"},{"title":"John Doe","subtitle":"Client","description":"\"Determine never to be idle. No person will have occasion to complain of the want of time who never loses any. It is wonderful how much may be done if we are always doing.\"","url":"","furl":"","turl":"","lurl":"","sort":"14","attachment_id":"1387","thumb":"http:\/\/pluton.themeart.co\/wp-content\/uploads\/2015\/01\/Client3-150x150.png","image":"http:\/\/pluton.themeart.co\/wp-content\/uploads\/2015\/01\/Client3.png","height":"400","width":"400"}],"clients_title":"Our Clients","clients_slides":[{"title":"ThemeArt","subtitle":"","url":"http:\/\/themeart.co\/","furl":"","turl":"","lurl":"","sort":"15","attachment_id":"1380","thumb":"http:\/\/pluton.themeart.co\/wp-content\/uploads\/2015\/01\/ClientLogo01-150x150.png","image":"http:\/\/pluton.themeart.co\/wp-content\/uploads\/2015\/01\/ClientLogo01.png","height":"200","width":"400"},{"title":"ThemeArt","subtitle":"","url":"http:\/\/themeart.co\/","furl":"","turl":"","lurl":"","sort":"16","attachment_id":"1381","thumb":"http:\/\/pluton.themeart.co\/wp-content\/uploads\/2015\/01\/ClientLogo02-150x150.png","image":"http:\/\/pluton.themeart.co\/wp-content\/uploads\/2015\/01\/ClientLogo02.png","height":"200","width":"400"},{"title":"ThemeArt","subtitle":"","url":"http:\/\/themeart.co\/","furl":"","turl":"","lurl":"","sort":"17","attachment_id":"1382","thumb":"http:\/\/pluton.themeart.co\/wp-content\/uploads\/2015\/01\/ClientLogo03-150x150.png","image":"http:\/\/pluton.themeart.co\/wp-content\/uploads\/2015\/01\/ClientLogo03.png","height":"200","width":"400"},{"title":"ThemeArt","subtitle":"","url":"http:\/\/themeart.co\/","furl":"","turl":"","lurl":"","sort":"18","attachment_id":"1383","thumb":"http:\/\/pluton.themeart.co\/wp-content\/uploads\/2015\/01\/ClientLogo04-150x150.png","image":"http:\/\/pluton.themeart.co\/wp-content\/uploads\/2015\/01\/ClientLogo04.png","height":"200","width":"400"},{"title":"ThemeArt","subtitle":"","url":"http:\/\/themeart.co\/","furl":"","turl":"","lurl":"","sort":"19","attachment_id":"1384","thumb":"http:\/\/pluton.themeart.co\/wp-content\/uploads\/2015\/01\/ClientLogo05-150x150.png","image":"http:\/\/pluton.themeart.co\/wp-content\/uploads\/2015\/01\/ClientLogo05.png","height":"200","width":"400"}],"client_backgound":{"url":"http:\/\/pluton.themeart.co\/wp-content\/uploads\/2015\/01\/brand-bg.png","id":"1377","height":"600","width":"1920","thumbnail":"http:\/\/pluton.themeart.co\/wp-content\/uploads\/2015\/01\/brand-bg-150x150.png"},"blog_id":"blog","blog_title":"Blog","blog_tagline":"Duis mollis placerat quam, eget laoreet tellus tempor eu. Quisque dapibus in purus in dignissim.","newsletter_backgound":{"url":"http:\/\/pluton.themeart.co\/wp-content\/uploads\/2015\/01\/brand-bg.png","id":"1377","height":"600","width":"1920","thumbnail":"http:\/\/pluton.themeart.co\/wp-content\/uploads\/2015\/01\/brand-bg-150x150.png"},"newsletter_title":"Newsletter","newsletter_tagline":"Lorem ipsum dolor sit amet, consectetuer adipiscing elit, sed diam nonummy nibh euismod tincidunt ut laoreet dolore magna aliquam erat volutpat.","mailchimp_api_key":"1e90d18c716d481bd3edec201222df93-us9","mailchimp_list_id":"cbe369f401","contact_id":"contact","contact_title":"Contact Us","contact_tagline":"Duis mollis placerat quam, eget laoreet tellus tempor eu. Quisque dapibus in purus in dignissim.","contact_email":"hi@themeart.co","lat":"37.423156","lon":"-122.084917","address":"1600 Amphitheatre Parkway Mountain View, CA 94043","phone":"+01 234 567 890","social_title":"We Are Social","social_icons":{"Facebook":"http:\/\/themeart.co\/","Twitter":"http:\/\/themeart.co\/","LinkedIn":"http:\/\/themeart.co\/","Pinterest":"http:\/\/themeart.co\/","Dribbble":"http:\/\/themeart.co\/","YouTube":"http:\/\/themeart.co\/","Google Plus":"http:\/\/themeart.co\/"},"custom_copyright":"Copyright &copy; 2015 - <a href=\"http:\/\/themeart.co\/free-theme\/ta-pluton\/\" title=\"TA Pluton Free WordPress Theme\" target=\"_blank\">TA Pluton<\/a>. Design by <a href=\"http:\/\/www.graphberry.com\/\" target=\"_blank\">GraphBerry<\/a> and Developed by <a href=\"http:\/\/themeart.co\/\" title=\"Download Free Premium WordPress Themes\" target=\"_blank\">ThemeArt<\/a>.","custom_css":"                                    ","redux-backup":"1"}