{"last_tab":"0","disable_preloader":"1","site_preloader":{"url":"","id":"","height":"","width":"","thumbnail":""},"custom_favicon":{"url":"","id":"","height":"","width":"","thumbnail":""},"custom_logo":{"url":"","id":"","height":"","width":"","thumbnail":""},"disable_header_slider":"1","slider_1_bg":{"url":"http:\/\/meghna.themeart.co\/wp-content\/uploads\/2015\/03\/slide-1.jpg","id":"1371","height":"1670","width":"2513","thumbnail":"http:\/\/meghna.themeart.co\/wp-content\/uploads\/2015\/03\/slide-1-150x150.jpg"},"slider_1_img":{"url":"http:\/\/meghna.themeart.co\/wp-content\/uploads\/2015\/03\/meghna.png","id":"1369","height":"110","width":"382","thumbnail":"http:\/\/meghna.themeart.co\/wp-content\/uploads\/2015\/03\/meghna-150x110.png"},"slider_1_title":"Welcome to TA Meghna","slider_1_subtitle":"","slider_1_button_text":"","slider_1_button_link":"","slider_2_bg":{"url":"http:\/\/meghna.themeart.co\/wp-content\/uploads\/2015\/03\/slide-2.jpg","id":"1372","height":"1673","width":"2509","thumbnail":"http:\/\/meghna.themeart.co\/wp-content\/uploads\/2015\/03\/slide-2-150x150.jpg"},"slider_2_img":{"url":"","id":"","height":"","width":"","thumbnail":""},"slider_2_title":"Highly Responsive","slider_2_subtitle":"With All Major Browsers Support Including IE 9","slider_2_button_text":"Learn More","slider_2_button_link":"http:\/\/themeart.co\/free-theme\/ta-meghna\/","slider_3_bg":{"url":"http:\/\/meghna.themeart.co\/wp-content\/uploads\/2015\/03\/slide-3.jpg","id":"1375","height":"1333","width":"2000","thumbnail":"http:\/\/meghna.themeart.co\/wp-content\/uploads\/2015\/03\/slide-3-150x150.jpg"},"slider_3_img":{"url":"","id":"","height":"","width":"","thumbnail":""},"slider_3_title":"One Page Parallax WordPress Theme","slider_3_subtitle":"Clean and Professional Design","slider_3_button_text":"Download Now","slider_3_button_link":"http:\/\/themeart.co\/free-theme\/ta-meghna\/","disable_about_module":"1","id_about":"about","title_about":"About <span class=\"color\">Us<\/span>","about_slides":[{"title":"We're Creative","subtitle":"","description":"Lorem ipsum dolor sit amet, consectetur adipiscing elit, sed do eiusmod tempor incididunt ut labore et dolore magna aliqua.","url":"","furl":"","turl":"","lurl":"","facode":"fa-lightbulb-o","btn_a_text":"","btn_a_link":"","btn_b_text":"","btn_b_link":"","sort":"0","attachment_id":"","thumb":"","image":"","height":"","width":""},{"title":"We're Professional","subtitle":"","description":"Lorem ipsum dolor sit amet, consectetur adipiscing elit, sed do eiusmod tempor incididunt ut labore et dolore magna aliqua.","url":"","furl":"","turl":"","lurl":"","facode":"fa-thumbs-o-up","btn_a_text":"","btn_a_link":"","btn_b_text":"","btn_b_link":"","sort":"1","attachment_id":"","thumb":"","image":"","height":"","width":""},{"title":"We're Experienced","subtitle":"","description":"Lorem ipsum dolor sit amet, consectetur adipiscing elit, sed do eiusmod tempor incididunt ut labore et dolore magna aliqua.","url":"","furl":"","turl":"","lurl":"","facode":"fa-trophy","btn_a_text":"","btn_a_link":"","btn_b_text":"","btn_b_link":"","sort":"2","attachment_id":"","thumb":"","image":"","height":"","width":""}],"disable_features_module":"1","id_features":"features","features_slides":[{"title":"Main Features of TA Meghna","subtitle":"","description":"<p>Lorem ipsum dolor sit amet, consectetur adipiscing elit, sed do eiusmod tempor incididunt ut labore et dolore magna aliqua. Ut enim ad minim veniam, quis nostrud exercitation ullamco laboris nisi ut aliquip ex ea commodo consequat.<\/p>\r\n<p>Lorem ipsum dolor sit amet, consectetur adipiscing elit, sed do eiusmod tempor incididunt ut labore et dolore magna aliqua. Ut enim ad minim veniam, quis nostrud exercitation ullamco laboris nisi ut aliquip ex ea commodo consequat.<\/p>","url":"","furl":"","turl":"","lurl":"","facode":"","vcode":"<iframe src=\"https:\/\/player.vimeo.com\/video\/82931517\" width=\"500\" height=\"281\" frameborder=\"0\" webkitallowfullscreen mozallowfullscreen allowfullscreen><\/iframe>","btn_a_text":"Learn More","btn_a_link":"http:\/\/themeart.co\/free-theme\/ta-meghna\/","btn_b_text":"Download Now","btn_b_link":"http:\/\/themeart.co\/free-theme\/ta-meghna\/","sort":"3","attachment_id":"","thumb":"","image":"","height":"","width":""},{"title":"Main Features of TA Meghna","subtitle":"","description":"<p>Lorem ipsum dolor sit amet, consectetur adipiscing elit, sed do eiusmod tempor incididunt ut labore et dolore magna aliqua. Ut enim ad minim veniam, quis nostrud exercitation ullamco laboris nisi ut aliquip ex ea commodo consequat.<\/p>\r\n<p>Lorem ipsum dolor sit amet, consectetur adipiscing elit, sed do eiusmod tempor incididunt ut labore et dolore magna aliqua. Ut enim ad minim veniam, quis nostrud exercitation ullamco laboris nisi ut aliquip ex ea commodo consequat.<\/p>","url":"","furl":"","turl":"","lurl":"","facode":"","vcode":"","btn_a_text":"Learn More","btn_a_link":"http:\/\/themeart.co\/free-theme\/ta-meghna\/","btn_b_text":"Download Now","btn_b_link":"http:\/\/themeart.co\/free-theme\/ta-meghna\/","sort":"4","attachment_id":"1376","thumb":"http:\/\/meghna.themeart.co\/wp-content\/uploads\/2015\/03\/main-features-150x150.jpg","image":"http:\/\/meghna.themeart.co\/wp-content\/uploads\/2015\/03\/main-features.jpg","height":"310","width":"551"}],"disable_counter_module":"1","id_counter":"counter","counter_bg":{"url":"http:\/\/meghna.themeart.co\/wp-content\/uploads\/2015\/03\/parallax-1.jpg","id":"1405","height":"1350","width":"2000","thumbnail":"http:\/\/meghna.themeart.co\/wp-content\/uploads\/2015\/03\/parallax-1-150x150.jpg"},"counter_slides":[{"title":"Happy Clients","subtitle":"320","url":"","furl":"","turl":"","lurl":"","facode":"fa-users","btn_a_text":"","btn_a_link":"","btn_b_text":"","btn_b_link":"","sort":"5","attachment_id":"","thumb":"","image":"","height":"","width":""},{"title":"Projects Completed","subtitle":"565","url":"","furl":"","turl":"","lurl":"","facode":"fa-check-square","btn_a_text":"","btn_a_link":"","btn_b_text":"","btn_b_link":"","sort":"6","attachment_id":"","thumb":"","image":"","height":"","width":""},{"title":"Positive Feedback","subtitle":"95%","url":"","furl":"","turl":"","lurl":"","facode":"fa-thumbs-up","btn_a_text":"","btn_a_link":"","btn_b_text":"","btn_b_link":"","sort":"7","attachment_id":"","thumb":"","image":"","height":"","width":""},{"title":"Cups of Coffee","subtitle":"2500","url":"","furl":"","turl":"","lurl":"","facode":"fa-coffee","btn_a_text":"","btn_a_link":"","btn_b_text":"","btn_b_link":"","sort":"8","attachment_id":"","thumb":"","image":"","height":"","width":""}],"disable_services_module":"1","id_services":"services","title_services":"Our <span class=\"color\">Services<\/span>","services_slides":[{"title":"WordPress Theme","subtitle":"","description":"Lorem ipsum dolor sit amet, consectetur adipiscing elit, sed do eiusmod tempor incididunt ut labore et dolore magna aliqua.","url":"","furl":"","turl":"","lurl":"","facode":"fa-wordpress","btn_a_text":"","btn_a_link":"","btn_b_text":"","btn_b_link":"","sort":"9","attachment_id":"","thumb":"","image":"","height":"","width":""},{"title":"Responsive Design","subtitle":"","description":"Lorem ipsum dolor sit amet, consectetur adipiscing elit, sed do eiusmod tempor incididunt ut labore et dolore magna aliqua.","url":"","furl":"","turl":"","lurl":"","facode":"fa-desktop","btn_a_text":"","btn_a_link":"","btn_b_text":"","btn_b_link":"","sort":"10","attachment_id":"","thumb":"","image":"","height":"","width":""},{"title":"Media & Advertisement","subtitle":"","description":"Lorem ipsum dolor sit amet, consectetur adipiscing elit, sed do eiusmod tempor incididunt ut labore et dolore magna aliqua.","url":"","furl":"","turl":"","lurl":"","facode":"fa-play","btn_a_text":"","btn_a_link":"","btn_b_text":"","btn_b_link":"","sort":"11","attachment_id":"","thumb":"","image":"","height":"","width":""},{"title":"Graphic Design","subtitle":"","description":"Lorem ipsum dolor sit amet, consectetur adipiscing elit, sed do eiusmod tempor incididunt ut labore et dolore magna aliqua.","url":"","furl":"","turl":"","lurl":"","facode":"fa-eye","btn_a_text":"","btn_a_link":"","btn_b_text":"","btn_b_link":"","sort":"12","attachment_id":"","thumb":"","image":"","height":"","width":""},{"title":"Apps Development","subtitle":"","description":"Lorem ipsum dolor sit amet, consectetur adipiscing elit, sed do eiusmod tempor incididunt ut labore et dolore magna aliqua.","url":"","furl":"","turl":"","lurl":"","facode":"fa-android","btn_a_text":"","btn_a_link":"","btn_b_text":"","btn_b_link":"","sort":"13","attachment_id":"","thumb":"","image":"","height":"","width":""},{"title":"Networking","subtitle":"","description":"Lorem ipsum dolor sit amet, consectetur adipiscing elit, sed do eiusmod tempor incididunt ut labore et dolore magna aliqua.","url":"","furl":"","turl":"","lurl":"","facode":"fa-link","btn_a_text":"","btn_a_link":"","btn_b_text":"","btn_b_link":"","sort":"14","attachment_id":"","thumb":"","image":"","height":"","width":""}],"disable_portfolio_module":"1","id_portfolio":"showcase","filter_switch":"1","title_portfolio":"Our <span class=\"color\">Works<\/span>","link_portfolio":"View Project","disable_skills_module":"1","id_skills":"team-skills","title_skills":"Our <span class=\"color\">Skills<\/span>","skills_bg":{"url":"http:\/\/meghna.themeart.co\/wp-content\/uploads\/2015\/03\/parallax-2.jpg","id":"1411","height":"1080","width":"2000","thumbnail":"http:\/\/meghna.themeart.co\/wp-content\/uploads\/2015\/03\/parallax-2-150x150.jpg"},"skills_slides":[{"title":"WordPress","subtitle":"80","description":"Lorem ipsum dolor sit amet, consectetur adipiscing elit, sed do eiusmod tempor incididunt ut labore et dolore magna aliqua.","url":"","furl":"","turl":"","lurl":"","facode":"fa-wordpress","btn_a_text":"","btn_a_link":"","btn_b_text":"","btn_b_link":"","sort":"15","attachment_id":"","thumb":"","image":"","height":"","width":""},{"title":"HTML5","subtitle":"90","description":"Lorem ipsum dolor sit amet, consectetur adipiscing elit, sed do eiusmod tempor incididunt ut labore et dolore magna aliqua.","url":"","furl":"","turl":"","lurl":"","facode":"fa-html5","btn_a_text":"","btn_a_link":"","btn_b_text":"","btn_b_link":"","sort":"16","attachment_id":"","thumb":"","image":"","height":"","width":""},{"title":"Android","subtitle":"85","description":"Lorem ipsum dolor sit amet, consectetur adipiscing elit, sed do eiusmod tempor incididunt ut labore et dolore magna aliqua.","url":"","furl":"","turl":"","lurl":"","facode":"fa-android","btn_a_text":"","btn_a_link":"","btn_b_text":"","btn_b_link":"","sort":"17","attachment_id":"","thumb":"","image":"","height":"","width":""},{"title":"iOS","subtitle":"95","description":"Lorem ipsum dolor sit amet, consectetur adipiscing elit, sed do eiusmod tempor incididunt ut labore et dolore magna aliqua.","url":"","furl":"","turl":"","lurl":"","facode":"fa-ios","btn_a_text":"","btn_a_link":"","btn_b_text":"","btn_b_link":"","sort":"18","attachment_id":"","thumb":"","image":"","height":"","width":""}],"disable_team_module":"1","id_team":"our-team","title_team":"Our <span class=\"color\">Team<\/span>","team_slides":[{"title":"Fred Young","subtitle":"Co-Founder \/ CEO","description":"Lorem ipsum dolor sit amet, consectetur adipiscing elit, sed do eiusmod tempor incididunt ut labore et dolore magna aliqua.","url":"","furl":"http:\/\/themeart.co\/","turl":"http:\/\/themeart.co\/","lurl":"http:\/\/themeart.co\/","facode":"","btn_a_text":"","btn_a_link":"","btn_b_text":"","btn_b_link":"","sort":"19","attachment_id":"1380","thumb":"http:\/\/meghna.themeart.co\/wp-content\/uploads\/2015\/03\/team-1-150x150.jpg","image":"http:\/\/meghna.themeart.co\/wp-content\/uploads\/2015\/03\/team-1.jpg","height":"265","width":"265"},{"title":"Gladys Barnett","subtitle":"Graphic Designer","description":"Lorem ipsum dolor sit amet, consectetur adipiscing elit, sed do eiusmod tempor incididunt ut labore et dolore magna aliqua.","url":"","furl":"http:\/\/themeart.co\/","turl":"http:\/\/themeart.co\/","lurl":"http:\/\/themeart.co\/","facode":"","btn_a_text":"","btn_a_link":"","btn_b_text":"","btn_b_link":"","sort":"1","attachment_id":"1381","thumb":"http:\/\/meghna.themeart.co\/wp-content\/uploads\/2015\/03\/team-2-150x150.jpg","image":"http:\/\/meghna.themeart.co\/wp-content\/uploads\/2015\/03\/team-2.jpg","height":"265","width":"265"},{"title":"Russell Fields","subtitle":"Programmer","description":"Lorem ipsum dolor sit amet, consectetur adipiscing elit, sed do eiusmod tempor incididunt ut labore et dolore magna aliqua.","url":"","furl":"http:\/\/themeart.co\/","turl":"http:\/\/themeart.co\/","lurl":"http:\/\/themeart.co\/","facode":"","btn_a_text":"","btn_a_link":"","btn_b_text":"","btn_b_link":"","sort":"2","attachment_id":"1382","thumb":"http:\/\/meghna.themeart.co\/wp-content\/uploads\/2015\/03\/team-3-150x150.jpg","image":"http:\/\/meghna.themeart.co\/wp-content\/uploads\/2015\/03\/team-3.jpg","height":"265","width":"265"},{"title":"Elmer Owens","subtitle":"Executive Director","description":"Lorem ipsum dolor sit amet, consectetur adipiscing elit, sed do eiusmod tempor incididunt ut labore et dolore magna aliqua.","url":"","furl":"http:\/\/themeart.co\/","turl":"http:\/\/themeart.co\/","lurl":"http:\/\/themeart.co\/","facode":"","btn_a_text":"","btn_a_link":"","btn_b_text":"","btn_b_link":"","sort":"3","attachment_id":"1383","thumb":"http:\/\/meghna.themeart.co\/wp-content\/uploads\/2015\/03\/team-4-150x150.jpg","image":"http:\/\/meghna.themeart.co\/wp-content\/uploads\/2015\/03\/team-4.jpg","height":"265","width":"265"}],"disable_twitter_module":"1","id_twitter":"twitter-feed","twitter_bg":{"url":"http:\/\/meghna.themeart.co\/wp-content\/uploads\/2015\/03\/parallax-3.jpg","id":"1410","height":"1333","width":"2000","thumbnail":"http:\/\/meghna.themeart.co\/wp-content\/uploads\/2015\/03\/parallax-3-150x150.jpg"},"twitter_username":"","link_follow":"Follow Us","twiiter_consumer_key":"DYlJVGybOVxBnwnXJVV29r2Xr","twiiter_consumer_secret":"Y0XoZgOAfefMhMZMzRVw8nYUdUTDDhJEETPjcdihn4kkr6d7VG","twiiter_access_token":"2802824782-kxLIjPOOsZOlvV3Gy1ujgVo9YUuc1Df05FF6AGy","twiiter_access_token_secret":"OgpdQ8liZN4EMbLJgv2RVmWDNQQEnerI2uSZb0U405f50","disable_price_module":"1","id_price":"pricing","title_price":"Our Greatest<span class=\"color\"> Plans<\/span>","price_slides":[{"title":"Free","subtitle":"$99","description":"<ul>\r\n<li>1GB Disk Space<\/li>\r\n<li>10 Email Account<\/li>\r\n<li>Script Installer<\/li>\r\n<li>1 GB Storage<\/li>\r\n<li>10 GB Bandwidth<\/li>","url":"","furl":"","turl":"","lurl":"","facode":"month","btn_a_text":"Signup","btn_a_link":"http:\/\/themeart.co\/","btn_b_text":"","btn_b_link":"","sort":"20","attachment_id":"","thumb":"","image":"","height":"","width":""},{"title":"Silver","subtitle":"$149","description":"<ul>\r\n<li>1GB Disk Space<\/li>\r\n<li>10 Email Account<\/li>\r\n<li>Script Installer<\/li>\r\n<li>1 GB Storage<\/li>\r\n<li>10 GB Bandwidth<\/li>","url":"","furl":"","turl":"","lurl":"","facode":"month","btn_a_text":"Signup","btn_a_link":"http:\/\/themeart.co\/","btn_b_text":"","btn_b_link":"","sort":"1","attachment_id":"","thumb":"","image":"","height":"","width":""},{"title":"Gold","subtitle":"$199","description":"<ul>\r\n<li>1GB Disk Space<\/li>\r\n<li>10 Email Account<\/li>\r\n<li>Script Installer<\/li>\r\n<li>1 GB Storage<\/li>\r\n<li>10 GB Bandwidth<\/li>","url":"","furl":"","turl":"","lurl":"","facode":"month","btn_a_text":"Signup","btn_a_link":"http:\/\/themeart.co\/","btn_b_text":"","btn_b_link":"","sort":"2","attachment_id":"","thumb":"","image":"","height":"","width":""},{"title":"Platinum","subtitle":"$299","description":"<ul>\r\n<li>1GB Disk Space<\/li>\r\n<li>10 Email Account<\/li>\r\n<li>Script Installer<\/li>\r\n<li>1 GB Storage<\/li>\r\n<li>10 GB Bandwidth<\/li>","url":"","furl":"","turl":"","lurl":"","facode":"month","btn_a_text":"Signup","btn_a_link":"http:\/\/themeart.co\/","btn_b_text":"","btn_b_link":"","sort":"3","attachment_id":"","thumb":"","image":"","height":"","width":""}],"disable_testimonial_module":"1","id_testimonial":"testimonial","title_testimonial":"What People Say About Us","testimonial_bg":{"url":"http:\/\/meghna.themeart.co\/wp-content\/uploads\/2015\/03\/parallax-4.jpg","id":"1409","height":"1333","width":"2000","thumbnail":"http:\/\/meghna.themeart.co\/wp-content\/uploads\/2015\/03\/parallax-4-150x150.jpg"},"testimonial_slides":[{"title":"Dorothy Bennett","subtitle":"President","description":"Lorem ipsum dolor sit amet, consectetur adipiscing elit, sed do eiusmod tempor incididunt ut labore et dolore magna aliqua.","url":"","furl":"http:\/\/themeart.co\/","turl":"http:\/\/themeart.co\/","lurl":"http:\/\/themeart.co\/","facode":"","btn_a_text":"","btn_a_link":"","btn_b_text":"","btn_b_link":"","sort":"21","attachment_id":"1384","thumb":"http:\/\/meghna.themeart.co\/wp-content\/uploads\/2015\/03\/testimonial-1.jpg","image":"http:\/\/meghna.themeart.co\/wp-content\/uploads\/2015\/03\/testimonial-1.jpg","height":"120","width":"120"},{"title":"Alex Thomas","subtitle":"SEO","description":"Lorem ipsum dolor sit amet, consectetur adipiscing elit, sed do eiusmod tempor incididunt ut labore et dolore magna aliqua.","url":"","furl":"http:\/\/themeart.co\/","turl":"http:\/\/themeart.co\/","lurl":"http:\/\/themeart.co\/","facode":"","btn_a_text":"","btn_a_link":"","btn_b_text":"","btn_b_link":"","sort":"1","attachment_id":"1385","thumb":"http:\/\/meghna.themeart.co\/wp-content\/uploads\/2015\/03\/testimonial-2.jpg","image":"http:\/\/meghna.themeart.co\/wp-content\/uploads\/2015\/03\/testimonial-2.jpg","height":"120","width":"120"},{"title":"Tony Bergin","subtitle":"Chief Innovator","description":"Lorem ipsum dolor sit amet, consectetur adipiscing elit, sed do eiusmod tempor incididunt ut labore et dolore magna aliqua.","url":"","furl":"http:\/\/themeart.co\/","turl":"http:\/\/themeart.co\/","lurl":"http:\/\/themeart.co\/","facode":"","btn_a_text":"","btn_a_link":"","btn_b_text":"","btn_b_link":"","sort":"2","attachment_id":"1386","thumb":"http:\/\/meghna.themeart.co\/wp-content\/uploads\/2015\/03\/testimonial-3.jpg","image":"http:\/\/meghna.themeart.co\/wp-content\/uploads\/2015\/03\/testimonial-3.jpg","height":"120","width":"120"}],"disable_blog_module":"1","id_blog":"blog","title_blog":"Latest <span class=\"color\">Posts<\/span>","btn_read_more":"Read More","btn_view_all":"View All Posts","title_blog_page":"Welcome to Our Blog","blog_page_icon":"fa-book","disable_contact_module":"1","id_contact":"contact-us","title_contact":"Get In <span class=\"color\">Touch<\/span>","contact_title":"Contact Details","contact_description":"Lorem ipsum dolor sit amet, consectetur adipiscing elit, sed do eiusmod tempor incididunt ut labore et dolore magna aliqua. Ut enim ad minim veniam, quis nostrud exercitation ullamco laboris nisi ut aliquip ex ea commodo consequat.","contact_email":"hi@themeart.co","disable_contact_email":"1","contact_address":"1600 Amphitheatre Parkway Mountain View, CA 94043","contact_phone":"+01 234 567 890","contact_fax":"+01 234 567 890","disable_gogole_map_module":"1","google_map_lat":"37.42225","google_map_lon":"-122.08322","social_icons":{"Twitter":"http:\/\/themeart.co\/","Facebook":"http:\/\/themeart.co\/","Google Plus":"http:\/\/themeart.co\/","Instagram":"","LinkedIn":"http:\/\/themeart.co\/","Tumblr":"","Pinterest":"http:\/\/themeart.co\/","Dribbble":"http:\/\/themeart.co\/","Flickr":"","DeviantArt":"","Skype":"","YouTube":"http:\/\/themeart.co\/","Vimeo":"","GitHub":"","RSS":"","SoundCloud":""},"custom_copyright":"Copyright &copy; 2015 - <a href=\"http:\/\/themeart.co\/free-theme\/ta-meghna\/\" title=\"TA Meghna Free WordPress Theme\" target=\"_blank\">TA Meghna<\/a>. Design by <a href=\"http:\/\/themefisher.com\/\" target=\"_blank\">ThemeFisher<\/a> and Developed by <a href=\"http:\/\/themeart.co\/\" title=\"Downlod Free Premium WordPress Themes\" target=\"_blank\">ThemeArt<\/a>.","custom_css":"                                    ","redux-backup":"1"}